{"rouge1": 0.36469853289288134, "rouge2": 0.25082512373906674, "rougeL": 0.2788597398784767, "rougeLsum": 0.2802991266712877}