{"rouge1": 0.3611671372865403, "rouge2": 0.23564411235644112, "rougeL": 0.21352695979561653, "rougeLsum": 0.21352695979561653}