{"rouge1": 0.29564797263571596, "rouge2": 0.18208302256243736, "rougeL": 0.22225048333595443, "rougeLsum": 0.22278134042346637}