{"rouge1": 0.33379497496841815, "rouge2": 0.17152658662092624, "rougeL": 0.2535317144684103, "rougeLsum": 0.2535317144684103}