{"rouge1": 0.3747948569509306, "rouge2": 0.27451381143673625, "rougeL": 0.31499046854364837, "rougeLsum": 0.31534029363110466}