{"rouge1": 0.4980316645271716, "rouge2": 0.3886748160311379, "rougeL": 0.34630839849068346, "rougeLsum": 0.34630839849068346}